{
    "fed_test_coherence_orig": [
        0.46821746232046074,
        3.666935225178677e-08
    ],
    "fed_test_overall_orig": [
        0.5472253742760705,
        4.022047893010716e-11
    ],
    "dstc9_test_coherence_orig": [
        0.18967545053290316,
        2.883277375678157e-19
    ],
    "dstc9_test_overall_orig": [
        0.1992033872720918,
        3.991110655073629e-21
    ]
}